[{"name":"environmentloader","hashes":{"sha1":"c451287d844ea71a9ce8343e46f78eac75edc2f1"},"contents":[{"owner":"wiiu-env","repo":"CustomRPXLoader","tag":{"name":"v0.1.1","commit":"3ecd62213729cfa2da34da9a17473fb6bf36844d"}},{"owner":"wiiu-env","repo":"EnvironmentLoader","tag":{"name":"v0.1.2","commit":"9a065a8697ceff8e72afb09be50f1d3b910f7321"}},{"owner":"wiiu-env","repo":"PayloadLoaderPayload","tag":{"name":"v0.1","commit":"79db755d046f65342214046e3be5768be2547f48"}}]},{"name":"wiiu-nanddumper-payload","hashes":{"sha1":"5c5ec09780e6c3eddecda4a041329251fb3103ce"},"contents":[{"owner":"wiiu-env","repo":"wiiu-nanddumper-payload","tag":{"name":"v0.1","commit":"5c5ec09780e6c3eddecda4a041329251fb3103ce"}}]},{"name":"fw_img_loader","hashes":{"sha1":"c2da326a9fcfe53098973604df7ec3195f9b9427"},"contents":[{"owner":"wiiu-env","repo":"fw_img_payload","tag":{"name":"v0.1","commit":"c2da326a9fcfe53098973604df7ec3195f9b9427"}}]},{"name":"payloadloaderinstaller","hashes":{"sha1":"98367a94f76cf3c570da5bbf00ca9c983655b0c2"},"contents":[{"owner":"wiiu-env","repo":"LaunchInstaller","tag":{"name":"v0.1","commit":"37197bf5de4c9dd0fb5148d4b4d2dc0d01bf2a02"}},{"owner":"wiiu-env","repo":"MochaPayload","tag":{"name":"v0.1","commit":"939b1837e4957e52df15a64ec7259df2e69a7208"}},{"owner":"wiiu-env","repo":"PayloadLoaderInstaller","tag":{"name":"v0.1","commit":"86196c6bb1dea044f451b37f2d513bf80c6a27fb"}}]},{"name":"tiramisu","hashes":{"sha1":"41104c4bb45c7355542570780d628b3fd5fff073"},"contents":[{"owner":"wiiu-env","repo":"AutobootModule","tag":{"name":"v0.1.2","commit":"2d023be0a2e7120e52d598abac5b3dfdca97d951"}},{"owner":"wiiu-env","repo":"HBLInstallerWrapper","tag":{"name":"v0.1","commit":"ba2d6a1e4d57f0da0fd447c9df3c21a43f432c93"}},{"owner":"dimok789","repo":"homebrew_launcher","tag":{"name":"v1.5","commit":"391c05d6fc7773aa0f476f4f058b3ba2eff4cb8a"}},{"owner":"wiiu-env","repo":"MochaPayload","tag":{"name":"v0.1","commit":"939b1837e4957e52df15a64ec7259df2e69a7208"}},{"owner":"wiiu-env","repo":"PayloadFromRPX","tag":{"name":"v0.1","commit":"35ba227bd77ebb1fd3e5554f20afb55f994022cf"}}]}]